"#SAStalks: Gustavo Werutsky, Diretor da LACOG | SAS Softwarehf"
"05 Analytical platform Andrey Svirchevskiy"
"1-800-Flowers.com | Customer Engagement Enhanced with Cloud-Based Analytics and AI | SAS Customers"
"1-800-Flowers.com | Improving the Online Customer Journey | SAS Customers"
"10 Tips for Success: Using SAS OnDemand for Academics"
"2017 SAS CEO Award of Excellence Winners"
"2022 SAS Hackathon Awards Ceremony"
"2022 SAS Hackathon Song"
"3 Cool Ways to Unlock IoT Value using Streaming Analytics"
"3 Ways to Get Involved with SAS Communities"
"30 Years of SAS Press"
"4 Reasons Why You Can't Do Without Data Visualization"
"5 Reasons to Attend Analytics Experience 2017"
"5 Top Job Interview Tips"
"5 Ways That SAS Gets to Data in Hadoop"
"60 Second Scoop: SAS Viya Data Preparation, by Daniel Paner"
"90 Days of Digital Customer Insights From SAS"
"A Beginners Guide to Using Arrays and DO Loops"
"A Doctor's Dilemma: How Propensity Scores Can Help Control For Selection Bias in Medical Education"
"A Feature Selection Approach with Ensembles in SAS Enterprise Miner"
"A Hands-On Introduction to SAS DATA Step Hash Programming Techniques"
"A Macro for Sample Size Determination in Simple and Multiple Logistic Regression"
"A New Approach To Time Series Data Preparation using the TIMEDATA Procedure"
"A New Syntax for Lists in SAS/IML"
"A Program to Compare Two SAS Format Catalogs"
"A Semantic Image Search System"
"A Simple Health-check for SAS Viya 3.x"
"A Tale of Two Futures: Analytic Modernization with SAS and Intel"
"Abu Dhabi Early Childhood Authority | Helping Young Children Flourish | SAS Customers"
"Accelerate AI Innovation"
"Accelerate DATA Step BY-Group Processing in SAS Viya"
"Accelerate Insights with IBM Power Systems for SAS Solutions"
"Accelerate Your Migration to SAS Viya"
"Accelerating AI projects in the cloud"
"Access Census Data | Video 2 of 6"
"Accessing Free Resources for Academics in the SAS Academic Hub"
"Accomplished Women in Analytics | Amanda Holden, Executive, Fraud & Security Intelligence, SAS"
"Accomplished Women in Analytics | Ivona Simic, Director of People Analytics, BMO"
"Accomplished Women in Analytics | Janet Shea, Client Enablement Executive, SAS Canada"
"Accomplished Women in Analytics | Maeesha Patel, NHR Program Analyst, BMO"
"Accomplished Women in Analytics | Marie Lowman, Government Industry Consultant, SAS"
"Accomplished Women in Analytics | Martha Schrader, VP Business Intelligence & Analytics, Northbridge"
"Accomplished Women in Analytics | Monique Duquette, Digital Experience & Transformation, Accenture"
"Accomplished Women in Analytics | Rebecca Comrie, Director of Reporting & Analytics, CAMH"
"Accomplished Women in Analytics: Shelby Austin, Managing Partner Omnia AI, Deloitte Canada"
"Achieving Growth by Deploying Emerging Technologies in a Highly Regulated Environment"
"Achieving Net-Zero: Forecasting Power Usage to Improve Sustainability on Clemson University's Campus"
"Achieving Optimal Performance with the SAS Data Connect Accelerator for Hadoop"
"Add Cell Graphs to List Tables and Crosstabs in SAS Visual Analytics"
"Adding a Worker to CAS for SAS Viya 3.5"
"Adopting SAS Viya into Your Business: Data Success Tales from a Central Bank's Perspective"
"Advanced Customer Lifecycle Management at STC - Interview with Luca L. Decarli"
"Advanced Kerberos Authentication Process"
"Advice for Women Considering a Career in STEM"
"Affordable Housing Affects Us All"
"AI and machine learning are critical pieces of any IT strategy"
"AI Heroes | Using AI to Predict Change Impact"
"AI in the Real World"
"AI-embedded IIoT Streaming Analytics for Edge and Cloud"
"AIoT, the Artificial Intelligence of Things and a Better Customer Experience"
"Akshay Dixit - Artificial Intelligence (AI) & Machine Learning (ML) for Business & Decision Analysis"
"Alhilal Bank trusts SAS for IFRS9 Regulatory Compliance"
"Alternate Solution to %WINDOW Statement in SAS Enterprise Guide: PowerShell"
"Alumni Questions - Overview"
"Ameren Focuses on the Customer with SAS"
"AMI radio interview with Ed Summers - SAS Graphics Accelerator to Analyze COVID-19 Data"
"An Integrated Software Solution for Automated and Reliable Distributed Reporting Systems"
"An Interview with SAS Press Author Gerhard Svolba"
"An Introduction to Reinforcement Learning in SAS Viya"
"An Introduction to the HPSPLIT Procedure for Building Classification and Regression Trees"
"Analysis of Longitudinal Data With Dropouts Using the GEE Procedure"
"Analytic Modernization from SAS and Deloitte"
"Analytics Education For the Global, Data-Driven Economy"
"Analytics Experience 2019 - Watch Live - :15"
"Analytics for everyone, everywhere: Enhancements to SAS Viya"
"Analytics in Softball"
"Analytics is Helping Manufacturers on the Journey Towards Industry 4.0"
"Analytics powered transformation | #AnalyticsX"
"Analytics Powers the Internet of Things (IoT) for Oil & Gas Industries"
"Analytics Powers the Internet of Things (IoT) for Smart Cities"
"Analytics Powers the Internet of Things (IoT) for the Connected Factory"
"Analytics to Fight Opioid Abuse"
"Analytics, AI Trends and Highlights | SAS Viya 2021.2.2"
"Analytics: Why wouldn't you want to work for the market leader?"
"Analytics: Why wouldn't you want to work for the market leader? Ally's story"
"Analytics: Why wouldn't you want to work for the market leader? Chris' story"
"Analytics: Why wouldn't you want to work for the market leader? Dionys' story"
"Analytics: Why wouldn't you want to work for the market leader? Harry's story"
"Analytics: Why wouldn't you want to work for the market leader? Roderick's story"
"Analyze Census Data in SAS Studio | Video 6 of 6"
"Analyzing Baseball Swings, SAS Econometrics | SAS Viya 2022.1.1"
"Analyzing Data Missing Due to COVID-19: From Raw Data to ADaM and Beyond"
"Analyzing Interval Censored Data with the ICLIFETEST Procedure"
"Analyzing the Factors Impacting Suicidal Behavior in American Youth"
"Anomaly and Degradation Detection Using Subspace Tracking in Streaming Data"
"Application of Link Analysis to Transactional Data in SAS Enterprise Miner"
"Application of Machine Learning for Customer Segmentation"
"Application, Authentication, Authorization: Identity Theft Protection Across the Customer Journey"
"Are you Likely to Buy a Tata Motors Automobile? Tata Knows the Answer Thanks to SAS"
"Are You Qualified? Examining Existing SOC Occupational Groups and Assessing Candidate Suitability"
"Artificial Intelligence of Things :30"
"Artificial Intelligence Trends for the 2020s"
"Arturo Salazar from SAS Analytics Day 2019 | Casablanca - Maroc"
"Assessing Predictive Accuracy of Survival Models with the PHREG Procedure"
"ASTORE Wrapper for ONNX, Dataviz in Microsoft 365 | SAS Viya 2021.1.6"
"Attend SAS Forum Belux, June 12th, Brussels"
"Auditing Algorithms: The Need for New Tools to Combat Bias in Artificial Intelligence"
"Augment Your AML Solution With AI and Machine Learning in the Cloud"
"Augmented Analytics, SAS for Microsoft 365 | SAS Viya 2021.2.5"
"Australian Government | Delivering Better Education Policies and Programs | SAS Customers"
"Automated Analysis with SAS Visual Analytics"
"Automated Vehicle Odometer Reading Using SAS for AI and Computer Vision"
"Automatic Spinal Cord Segmentation and 3-D Morphometry Using Medical Image Analytics in SAS Viya"
"Automation in SAS Visual Data Mining and Machine Learning"
"Available on-demand now! Join Us for Virtual SAS Global Forum 2020"
"Back to Basics: Running an Analysis From Data to Refinement in SAS"
"Backup your SAS Deployment Interactively"
"Bancpost trusts SAS for IFRS9 Regulatory Compliance"
"Banking on Bots"
"Base SAS and SAS Enterprise Guide: Automate Your SAS World With Dynamic Code"
"Bayesian Analysis of GLMMs Using PROC BGLIMM"
"Be a Part of Something that Matters: Good Luck on Your Interview!"
"Be a Part of Something That Matters: Good Luck on Your Interview!"
"Become a SAS Intern (Original Rap)"
"Behind the Scenes: SAS Risk Modeling and Decisioning"
"Bendigo and Adelaide Bank | Manage Credit Risk With SAS | SAS Customers"
"Benefits of Segmentation for Improving Detection Accuracy"
"Best of Virtual SAS Global Forum 2020"
"Best Practices for Converting SAS Code to Leverage SAS Cloud Analytic Services"
"Best Practices for Enabling SAS Analytics in the Cloud at Scale"
"Best Practices For Using Data and Analytics"
"Best Practices When Moving SAS to Microsoft Azure"
"Better Decision-Making Means Improved Customer Services at Bank Albilad"
"Better Insights for Better Banking With SAS"
"Beyond the Coronavirus: Technology’s Role in Building Resilient Health Care Systems"
"Big Data Analytics: The Revolution Has Just Begun"
"Big Data High School Competition: The Future of Analytics"
"Big Data...What it Means to You"
"Big Public Data"
"BIG SAS Life - Aaren Avery | SAS Careers"
"BIG SAS Life - Hiwot Tesfaye | SAS Careers"
"BIG SAS Life - Keisha Simpson | SAS Careers"
"BIG SAS Life - Oita Coleman | SAS Careers"
"bioMérieux | Strengthening the Fight Against Antimicrobial Resistance | SAS Customers"
"Black Dog Institute | Transforming Mental Health Research with Analytics"
"Boost your career today. Join the SAS Certified Young Professionals!"
"Bridging the Gap Between Legacy SAS and SAS Viya at the Centers for Medicare and Medicaid (CMS)"
"Bringing It All Together! Using SAS Data Preparation to Integrate All Your Data Sources"
"Build Bagging Trees With SAS Programming"
"Build Fully Connected Neural Networks with SAS Studio Tasks and SAS Viya"
"Building a Modern Analytics Culture Starts with IT"
"Building a Recommendation Engine using SAS"
"Building and Deploying Web Apps With SASjs CLI"
"Building and Using DAGs for Causal Inference"
"Building Decision Trees | Getting Started with SAS Enterprise Miner"
"Business Ethics at the Core of Successful and Sustainable Analytics"
"Canada Olympic Partnership - Coach Perspective Teaser"
"Canadian Olympic Partnership with SAS Analytics"
"Carl Farrell discusses IoT and GDPR"
"CASL, a Language Specifically Designed for Interacting With SAS Viya"
"Causal Analysis Using SAS Statistics Procedures"
"CECL/IFRS9 Implementation: What Is Driving My Quarter-Over-Quarter Change in Allowance?"
"Celebrating The Future of Women in Analytics"
"Chatbot SDK, out of the box KPIs | SAS Viya 2021.1.1"
"Chatbots in Microsoft Teams, Real-time Object Detection on Docker | SAS Viya 2021.1.3"
"Cheetah walks"
"Child Identity Awareness Day | Shedding Light on a Growing Threat to our Children"
"Choice and Control - The SAS® Platform"
"Christie Hawkins | Academic Ledger Dashboard | OSU"
"Christie Hawkins | Card Swipe Data | OSU"
"Christie Hawkins | Challenges and How SAS Helped | OSU"
"Christie Hawkins | Classroom Utilization Dashboard | OSU"
"Christie Hawkins | Data and Analytics Success | OSU"
"Christie Hawkins | Retention | OSU"
"Christie Hawkins | SAS Use Evolving | OSU"
"Christie Hawkins | Value Provided | OSU"
"CIB Egypt benefits from SAS Enterprise Risk Management and Anti-Money Laundry Solutions"
"Cisco Marketing Insights Powered by SAS Analytics"
"City of Durham Relies on Building Clarity and SAS Analytics to Meet Strategic Plan | SAS Customers"
"CJLEADS and the Town of Cary"
"Click to Save the Rainforest"
"Click to Save the Rainforest :15"
"Clinical Trial Data Transparency Forum 2019 | Explore New Horizons in Data Transparency"
"Club Premier México: El cliente como detonante de la transformación"
"CNC uses SAS Intelligent Advertising for Publisher"
"CNM | How Nonprofits use Data Analytics to Adapt and Better Serve Their Communities | SAS Customers"
"Coding in SAS Viya, SAS Analytics Pro | SAS Viya 2021.2.6"
"Cognitive Data Quality"
"Colpatria Colombia: Transformación e innovación con analítica"
"Combatting Hospital-Acquired Infections with Health Care Analytics"
"Come to our HBCU STEM Connect!"
"Common Tasks Done with CASL"
"Computer Vision Identifies Tumors in Liver Scans"
"Condition Monitoring and Anomaly Detection Using Support Vector Data Description (SVDD)"
"Configuring prompts for different data sources in SAS Visual Analytics"
"Connect to DataBricks & Spark, Python Editor | SAS Viya 2021.1.5"
"Connecting the Dots Between SAS Viya Products"
"Connecting to SAS Studio & Finding Help for SAS University Edition"
"Considerations for Model Governance"
"Considerations for real-time analytics using SAS Intelligent Decisioning"
"Containerized SAS Models in GCP I SAS Viya 2021.2.3"
"Copenhagen Regional Psychiatric Centers | COVID-19 Tracker | SAS Customers"
"Cortex , an analytics simulation game"
"CPS Energy - Utilities and the Internet of Things"
"Create an ASTORE (Analytic Store) in SAS Enterprise Miner 15.1 using SAS Viya"
"Create an Immersive Customer Experience With Real-Time Data"
"Creating a SAS Table from an Excel-Generated CSV File"
"Creating an Analytics Culture at OSU"
"Creating and Customizing the Kaplan-Meier Survival Plot in PROC LIFETEST"
"Creating Data Miner Models Using SAS Studio and the Rapid Predictive Modeler Task"
"Creating Modeling Templates with SAS Factory Miner"
"Creating Reports that Comply With Section 508 Using SAS 9.4: Planning Is the Most Important Step"
"Curiosity Forever"
"Curiosity Forever | SAS"
"Curiosity Forever: Gesundheitswesen und Life Sciences"
"Curiosity forever: Handel"
"Curiosity Forever: Health Care and Life Sciences"
"Curiosity Forever: Manufacturing"
"Curiosity Forever: Retail"
"Curiosity Forever: SAS and Government"
"Curiosity Forever: SAS and the Banking Industry"
"Curiosity Forever: SAS in der öffentlichen Verwaltung"
"Curiosity Forever: SAS und Banken"
"Curiosity Forever: SAS Viya"
"Curiosity@Work Report: What is the value of curiosity?"
"Customer Experience Transformation: Connecting Planning, Execution, Performance, and Analytics"
"Customer Journey Activation by SAS"
"Customer Journey Management by SAS"
"Customer Journey Powered by SAS Omnichannel Analytics"
"Customized Output with the SAS Config File: Always Useful but Seldom Used"
"Dale Pietrzak | Advice for Starting an Analytics Journey | U of I"
"Dale Pietrzak | Best Practice: data governance | U of I"
"Dale Pietrzak | Data and Analytics Impact | U of I"
"Dale Pietrzak | Describe Your Role and Team | U of I"
"Dale Pietrzak | How IR Role has Changed | U of I"
"Dale Pietrzak | How Using SAS | U of I"
"Dale Pietrzak | Innovative Aspects of SAS | U of I"
"Dale Pietrzak | Leaderships’ Reaction to Data and Analytics | U of I"
"Dale Pietrzak | SAS Use Evolving | U of I"
"Dale Pietrzak | Users’ Reaction to Data and Analytics | U of I"
"Dale Pietrzak | Using SAS Visual Analytics | U of I"
"Data as Art - Combining the Power of Analytics and Art"
"Data Discovery"
"Data for Good - Conservation :06"
"Data for Good - Conservation :15"
"Data for Good - Conservation :30"
"Data for Good - First Responders"
"Data for Good - First Responders :06"
"Data for Good - First Responders :15"
"Data for Good - First Responders :30"
"Data For Good: Are You Ready?"
"Data Management for the SAS Platform"
"Data on the Fly"
"Data, Analytics, AI and IoT at the Heart of Innovation"
"Data4Good Leadership Overview"
"Dates Explained in SAS Visual Analytics"
"David Cosgrave Interview | SAS Roadshow to AI 2019 - Johannesburg, South Africa"
"Decision Trees, Boosting Trees, and Random Forests: A Side-by-Side Comparison"
"Decisioning for a Low Carbon Future"
"Deep Clustering: A Deep Learning Approach for High-Dimensional Data Clustering"
"Definition of Artificial Intelligence"
"Demo of Responsible AI in Practice"
"Demystifying AI for Anti-Money Laundering Debuts March 31"
"Deploy Python to Microsoft Azure ML, Reinforcement Learning | SAS Viya 2020.1.3"
"Deploying Computer Vision by Combining Deep Learning Action Sets with Open-Source Technology"
"Deploying SAS Visual Analytics 8.1 - Part 1 of 5: Introduction"
"Deploying SAS Visual Analytics 8.1 - Part 2 of 5: Infrastructure Requirements"
"Deploying SAS Visual Analytics 8.1 - Part 3 of 5: OS Pre-Requisites"
"Deploying SAS Visual Analytics 8.1 - Part 4 of 5: Install"
"Deploying SAS Visual Analytics 8.1 - Part 5 of 5: Validation"
"Desan Naidoo from SAS Analytics Day 2019 | Casablanca - Maroc"
"Detecting and Adjusting Structural Breaks in Time Series and Panel Data Using the SSM Procedure"
"Determining College Student Success"
"Developing Analytics Talent in the Machine Learning Age"
"DHL Global Forwarding Delivers Shipments Faster with SAS Analytics"
"Diagnosing the Most Common SAS Viya Performance Problems"
"Did You Know? | Volvo Trucks :30"
"Disproportional Impact of COVID-19 on Marginalized Communities"
"Diving Into Data With SAS Visual Analytics in SAS Viya"
"Do Americans Trust Scientific Experts?"
"Dr. Sunil Bhardwaj - Artificial Intelligence & Machine Learning for Business & Decision Analysis"
"Drive Analytic Innovation Through SAS and Open Source Integration"
"Driving Energy Efficiency Through Improved Asset Management"
"Driving Exceptional Customer Engagement at the Royal Bank of Scotland"
"Driving Innovation with Power9 and SAS Viya"
"Dutch Railways Uses SAS Visual Analytics to Improve Their BI Processes"
"Dynamic Panel Modeling with the PANEL Procedure"
"Easily Perform Competing Risks Survival Analysis with SAS Studio Tasks"
"Economic Impacts of Sea Level Rise on Coastal Real Estate"
"Embedded Customer Analytics by SAS"
"Embracing Digital Transformation With SAS Viya and Cloud Analytics"
"Empowering True Preventative Care through Connectivity"
"Enabling Real-Time Stability Monitoring Models Using SAS Viya and SAS Event Stream Processing"
"Encoding: The Key to Handling Multilingual SAS® Data from All over the World"
"Enel Green Power | SAS Event Stream Processing Keeps the Power Plant Running | SAS Customers"
"Energy Management for Personal and Professional Wellness"
"Enerjisa Uses SAS for a Competitive Advantage and Leads the Energy Sector in Turkey"
"Enhancing Public and Private-Sector Collaborations"
"Enterprise Search in SAS Visual Analytics"
"Estimating Causal Effects from Observational Data with PROC CAUSALTRT"
"Exact Logistic Regression"
"Executing Open Source Code in Machine Learning Pipelines"
"Executing SAS Code in SAS Visual Data Mining and Machine Learning Pipelines"
"Experience 2030 Promo"
"Explanatory Machine Learning Model Plots for Epidemiological and Real-World Evidence Studies"
"Exploration & Prediction with SAS® Visual Statistics"
"Explore, Share, Tell the Story With SAS Visual Analytics"
"Exploring Input Data and Replacing Missing Values | Getting Started with SAS Enterprise Miner"
"Exploring Water Usage with SAS Visual Analytics 7.3 (on SAS 9)"
"Extended Marketing Impact by SAS"
"Extraction of Facts and Sentiment Keywords from Social Media Messages and Visualization of Insights"
"Face Recognition Using SAS Viya"
"Factorization Machines, Visual Analytics, and Personalized Marketing"
"Faculty Session: What’s New in SAS Academic Programs"
"Fast growing bank wins market share with cloud solution"
"Fault Detection Using Nonlinear Low-Dimensional Representation of Sensor Data"
"Feature Engineering in SAS Visual Data Mining & Machine Learning"
"Fight Identity Fraud | SAS Identity 360"
"Fight Payment Fraud with AI and Machine Learning from SAS"
"Fighting the Opioid Crisis in Massachusetts with Analytics"
"Filtering SAS Tables"
"Fit a Partial Proportional Odds Model with the LOGISTIC Procedure"
"Flood Incident Prediction and Preparedness Solution Powered by Microsoft Azure IoT"
"Florence Giuliano from SAS Analytics Day 2019 | Casablanca - Maroc"
"Forecasting for Success in the New Energy Environment"
"Formatting Values in SAS"
"Fraud in Five | 5 Predictions in 2021 for Fraud, AML and Security Intelligence"
"Fraud in Five | Aite Matrix Ranks SAS as Best in Class for Payment Integrity in Healthcare"
"Fraud in Five | Demystifying AI for Anti-money Laundering"
"Fraud in Five | Enterprise Decisioning for Financial Services"
"Fraud in Five | How COVID-19 is Impacting the Insurance Industry"
"Fraud in Five | New Anti-Fraud Technology Report Gleans Surprising Trends"
"Fraud in Five | Predictions for 2022"
"Fraud in Five | Public Safety Transformation"
"Fraud in Five | SAS and ACAMS report on Artificial Intelligence and Machine Learning for AML"
"Fraud in Five | SAS and EY on Global Trade Transformation"
"Fraud in Five | Transformation for Tax Agencies Post COVID-19"
"From Posterior to Post Processing - Getting More From Your Bayesian Model"
"Full analytical life cycle with SAS Viya"
"Fundamentals of Machine Learning"
"Fundamentals of Programming in SAS®  James Blum Author Interview"
"Future-Proofing the Customer Experience in Banking"
"Gaining a Competitive Advantage: SAS For Government Programs Risk Adjustment"
"GatherIQ and World Wildlife Fund  - Helping Tomorrow’s Conservation Leaders"
"Generating .XPT Files With SAS, R and Python"
"Geographic Data, SAS Viya Jobs, Data-Driven Content, and REST APIs!"
"Georgia-Pacific | Optimizing the Supply Chain with Analytics and IoT | SAS Customers"
"Get Started with the SAS Learning Subscription"
"Getting From Governance Practice to Data Awareness"
"Getting Started with SAS Enterprise Miner: Comparing Models"
"Getting Started with SAS Enterprise Miner: Scoring New Data"
"Getting Started with SAS University Edition vApp"
"Git Integration in SAS Studio and SAS Enterprise Guide"
"Git Strategic Management of Code and Data – SAS, Python, R and More – inSPyred!"
"Giving Your Model a Voice: SAS Conversation Designer and SAS Visual Data Mining and Machine Learning"
"Globe Telecom | Using Cloud Analytics to Become More Customer-Centric | SAS Customers"
"Government of Odisha | Using Analytics to Combat the Pandemic | SAS Customers"
"Graduate Apprenticeships at SAS UK and Ireland, why you should consider applying"
"Grape to Grocery: SAS Demand Sensing and Shaping from Farm to Table"
"Grupo Éxito Colombia: Mejores predicciones para el manejo de inventarios"
"GSK Biologicals Receives SAS Analytics in Action Award"
"Handling Excess Zeros with FMM Procedure (PROC FMM)"
"Handling Missing Values In Survey Data"
"Harnessing Raw Data From Submission Forms to Gauge Food Insecurity Among College Students"
"Haste Makes Waste: Don't Ruin Your Reputation With Hasty Regression"
"Hate Speech Classification of Social Media Posts Using Text Analysis and Machine Learning"
"Health Care Myths, Debunked! | Greg Horne"
"Health Insights: Identifying Medicare Beneficiaries at Risk of Opioid Use Disorder using AI and SAS"
"Health Insights: Transforming Real-World Data into Evidence: The Critical Role of Data Quality"
"Healthcare Analytics Powered by SAS"
"Hello Graphics World: Basic Charts in SAS, R and Python"
"Hidden Insights Talk Show: The Role of Data in Management and Motivation"
"Hierarchical Nonlinear Mixed Models using PROC NLMIXED"
"Highly Customized Graphs Using ODS Graphics"
"Historically Black College & University STEM Connect Event 2018"
"Home Credit China | Providing Unique Customer Experience | SAS Customers"
"Hotel Location Analytics"
"How are the latest analytics & AI techniques changing today's businesses?"
"How can data analytics help your pet?"
"How Do I Use Parameters in My SAS Visual Analytics Reports?"
"How does SAS help organisations embrace digital transformation?"
"How Hibernation Provides a Holistic View of Risk"
"How is SAS helping businesses in today's environment to manage data and analytics?"
"How Levi Strauss & Co. Uses SAS to Give You the Right Fit in All the Right Ways | SAS Customers"
"How SAS 9.x Enriches Your SAS Programmer Life"
"How SAS Analytics Gives the GB Rowing Team More Confidence"
"How SAS Is Being Used at Ruffalo Noel Levitz"
"How SAS Is Being Used at South Carolina Department of Education"
"How SAS Is Being Used at the University of Central Florida"
"How Sick Is My Cohort Of Patients? A General Approach to Identify Chronic Conditions"
"How the Canadian Olympic Team leveraged SAS Analytics during COVID"
"How to Access and Manage Microsoft Azure Cloud Data Using SAS"
"How to Apply Row-Level Security in SAS Viya"
"How to Autoload Audit Data for the Administrator in Visual Analytics 7.2"
"How to Become a Data Scientist: SAS Academy for Data Science"
"How to build an Analytics Life Cycle"
"How to Deal With Locked Data Sets on UNIX systems"
"How to Enable Virtualization for SAS University Edition"
"How to Execute a Python Script in SAS Enterprise Miner"
"How to Explain Your Black-Box Models in SAS Viya"
"How to Increase Scalability and Reduce Shadow IT"
"How to Publish a SAS Decision as a Service"
"How to Take SAS to the Cloud With Azure"
"How to Train Generalized Additive Models (GAMs) in Model Studio"
"How to Update SAS University Edition"
"How to Version SAS Data Integration Jobs on GitHub"
"How to Write a Custom Parallel Program"
"How to Write JSON Output from SAS"
"Hybrid Marketing, Campaign Management, and Analytics' Last Mile Using SAS Customer Intelligence 360"
"Hyperautomation With SAS Decisioning and Microsoft Power Automate"
"I'm Learning SAS"
"ICMA Insights Demo"
"Identity Theft Resource Center - Using AI for good to reduce identity fraud"
"IFRS9 Impairments"
"IFT: Certidumbre en el sector de Telecomunicaciones"
"IIASA Deforestation"
"IIASA Deforestation :06"
"IIASA Deforestation :15"
"Impact of Using SAS at Ruffalo Noel Levitz"
"Impact of Using SAS at South Carolina Department of Education"
"Impact of Using SAS at University of Central Florida"
"Import Census Data Into SAS Studio| Video 3 of 6"
"Important Performance Considerations When Moving SAS to a Public Cloud"
"Improve product quality with SAS Analytics for IoT"
"Improvements in Usage"
"Improving Access To Health Care Through Technology"
"Improving Mean Time to Resolution and Root-Cause Analysis for Complex SAS Environments"
"Improving Population Health Through Clinical Episode Analysis"
"Impute, Transform, Regression & Neural Models | Getting Started with SAS Enterprise Miner"
"In-Database Data Quality Accelerator for Hadoop"
"Incorporating Auxiliary Information into Your Model Using Bayesian Methods in SAS Econometrics"
"Incorporating Python into your SAS Visual Data Mining and Machine Learning Pipeline"
"Incremental Response Modeling in SAS Enterprise Miner"
"Independent Component Analysis Using the ICA Procedure"
"Industry 4.0 in the innovation center of the E4TC in Aachen"
"Industry 4.0 Revolution Enabled by SAS Analytics and Machine Learning"
"Influencer Series on SAS® Grid Manager With Ray Wang and CoreCompete"
"Influencer Series on SAS® Grid Manager With Ray Wang and Zencos"
"Info Windows: Enhance Interaction in Your SAS Visual Analytics Reports"
"Innovative Uses of AI and Machine Learning for AML Transaction Monitoring"
"Inside SAS | SAS Careers"
"Insider Threat: A Changing Landscape"
"Insider Threat: The Global Impact"
"Insider Threat: Why it Matters"
"Insurance Claims Fraud"
"Integrating SAS Visual Data Mining and Machine Learning Models into SAS Enterprise Miner Projects"
"Intelligent Fraud Detection, Anti-Money Laundering and Public Security Decisions"
"Intelligent Manufacturing with Edge MCM Quick Start"
"Interactive Modeling in SAS Visual Forecasting"
"Interactive Modeling, Streamlined Search  I  SAS Viya 2021.1.4"
"Internships at SAS"
"Interpreting Machine Learning Models in SAS Model Studio"
"Intervju sa Stefanom Kostićem, Erste Bank Srbija na SAS Analytics Day-u u Beogradu"
"Intro to Embedded Analytics and Marketing Attribution | SAS Customer Intelligence 360"
"Intro to Hybrid Marketing | SAS Customer Intelligence 360"
"Intro to Journey Activation | SAS Customer Intelligence 360"
"Intro to Marketing Data Management | SAS Customer Intelligence 360"
"Introducing the BGLIMM Procedure for Bayesian Generalized Linear Mixed Models"
"Introducing the CAUSALGRAPH Procedure for Graphical Causal Model Analysis"
"Introducing the CAUSALMED Procedure for Causal Mediation Analysis"
"Introducing the GAMSELECT Procedure for Generalized Additive Model Selection"
"Introducing the LASSO and Elastic Net Selection Methods in the REGSELECT Procedure"
"Introducing the PSMATCH Procedure for Propensity Score Analysis"
"Introducing the runOptmodel Action in SAS Optimization on SAS Viya"
"Introduction to Analyzing Census Data in SAS Studio | Video 1 of 6"
"Introduction to Azure Kubernetes Service and SAS Viya 2020"
"Introduction to Bayesian Network Classifiers in PROC HPBNET"
"Introduction to SAS Open Model Manager Architecture and Deployment"
"Introduction to Semisupervised Learning in SAS"
"Introduction to Survival Data Mining"
"Investing in Education Intelligently"
"IOM Brings Relief to Nepal With SAS Analytics"
"IOM Modernization With SAS"
"IoT Analytics and Connected Healthcare"
"IoT Analytics for a Reliable Grid"
"IoT Analytics for a Reliable Grid :15"
"IoT Analytics for a Reliable Grid :30"
"IoT Healthcare | Value-Based Care and the Internet of Things"
"IoT Holiday Song"
"IoT is About More than Connecting and Collecting"
"IoT Journey - Determine Goals"
"IoT Journey - Develop a Monetization Plan"
"IoT Journey - Engage the Ecosystem"
"IoT Journey - Identify Challenges"
"IoT Journey - Understand the IoT Journey"
"Is Artificial Intelligence a game changer for Risk Management?"
"IT Empowering the Business for Real ROI"
"IVMF | A Data Management Strategy That Benefits Veterans | SAS Customers"
"Jason Simon | Biggest Difference Maker: Trusted Data | UNT"
"Jason Simon | Collaborating with Subject Matter Experts | UNT"
"Jason Simon | Creating a Data-Driven Organization | UNT"
"Jason Simon | Critical Components for Success | UNT"
"Jason Simon | Data and Analytics Impact | UNT"
"Jason Simon | Data Challenges Faced by Education Institutions | UNT"
"Jason Simon | Defining Analytical Success | UNT"
"Jason Simon | Enterprise Data Strategy | UNT"
"Jason Simon | Examples of Analytical Success and ROI | UNT"
"Jason Simon | Future Directions in Analytics | UNT"
"Jason Simon | Impact of Strong Data Foundation | UNT"
"Jason Simon | Reaction to Analytics | UNT"
"Jason Simon | Reactions from Executive Leadership to Analytics | UNT"
"Join SAS for our Virtual Sessions - NRF 2022"
"Journey to a Crystal Career: Data Science Advisor May Masoud"
"Journey to a Crystal Career: Health Industry Consultant Greg Horne"
"Journey to a Crystal Career: SAS Online Communities Senior Manager, Chris Hemedinger"
"K9794 17209 1579690 KS MM 1080 FINAL"
"Keeping Children Safe from Neglect and Abuse with SAS Visual Investigator"
"Kerberos Authentication Process"
"Kerberos Authentication Process Overview and Explainer"
"Kerberos Introduction"
"KRLD-AM Texas State Radio Discusses Voter Registration Trends with SAS’ Steve Bennett"
"Krungsri Consumer | Fighting Bank Card Fraud with SAS Fraud Management | SAS Customers"
"La analítica de SAS en acción para la industria bancaria"
"Lakeside Retail & CPG Conversation with Charlie Chase"
"Large-Scale Demand Forecasting for E-Commerce Retailer Using SAS Forecast Studio: A Case Study"
"Larry Burns | Best Practices | OSU"
"Larry Burns | Challenges and How SAS Helped | OSU"
"Larry Burns | Demonstrating Value | OSU"
"Larry Burns | Impact of Data and Analytics | OSU"
"Larry Burns | Problems They Have Addressed with SAS | OSU"
"Larry Burns | Reaction to Using SAS | OSU"
"Larry Burns | SAS Use Evolving | OSU"
"Larry Burns | Strengths SAS Offers Institutions | OSU"
"Learn by Example with SAS Enterprise Miner Templates"
"Leila Boutazout from SAS Analytics Day 2019 | Casablanca - Maroc"
"Leonie Essama from SAS Analytics Day 2019 | Casablanca - Maroc"
"Let’s Enjoy Computer Vision Using SAS Viya!"
"Leveraging Machine Learning and Visualization to Manage Bad Debt From Content Services"
"Leveraging SAS and Python To Virtually Build LEGO MINDSTORMS® Gear Trains for the EV3 Brick"
"Like, Learn to Love SAS Like"
"Loading Event Stream Processing Data to a SAS LASR Server"
"Local Government Federal Credit Union | Making faster, better lending decisions | SAS Customers"
"Lockheed Martin: Reducing Downtime with Advanced Analytics"
"Log Reviewing Made Easy"
"Machine Learning and Predictive Analytics in SAS Enterprise Miner and SAS/STAT Software"
"MAFRA | On Using SAS 360 Match | SAS Customers"
"Make Better, Faster, More Trusted Decisions with SAS Viya"
"Making SAS Tables Smaller and Faster Without Data Loss"
"Making Smarter Decisions Using SAS Viya"
"Making Text Analytics More Approachable: An Example Using a Customer Service Application"
"Managing TLS Certificates in SAS 9.4"
"Map It Out: Using SG Attribute Maps for Precise Control of PROC SGPLOT Output"
"Marketing Data Management by SAS"
"Marketing Measurement by SAS"
"Marketing Planning by SAS"
"Meet the mobile app developer who helps police investigate crime on the go"
"Merchandise Planning with SAS Analytics"
"Methods of a Fully Automated CONSORT Diagram Macro %CONSORT"
"Midsize Banks and Credit Unions Level the Playing Field With AI and Advanced Analytics"
"Migrating from SAS 9.4 to SAS Viya"
"Migrating to SAS Studio on SAS Viya"
"Millennium Bank | A Talent Development Success Story | SAS Customers"
"MKB Bank Plc. chose SAS to comply with the new requirements of the 4th AML Directive of the EU"
"Model by Exception Using SAS Factory Miner"
"Model Comparison Using SAS Factory Miner"
"Model Risk Management"
"Model-Based Clustering with PROC MBC"
"Modeling Aggregate Losses with SAS/ETS to Estimate Capital Requirements for Risk Management"
"Modeling Causal Effects Using SAS/STAT"
"Modeling Data with Endogeneity Using SAS Econometrics"
"Modern Econometrics Methods"
"Modern Time Series Tools for Scenario Analysis and Portfolio Optimization"
"Modern Variable Selection at Scale Using SAS Viya and SAS Studio"
"Modernize your SAS Visual Analytics Environment"
"Modernizing Scenario Analysis With SAS Viya and SAS Visual Analytics"
"Moneta Money Bank is using SAS solution"
"Monitor Assignment for Students with Disabilities Using SAS Optimization: Boston Public Schools"
"Montreal Cognitive Assessment, Mini-Mental State Examination: Impairment & Dementia Cutoff Points"
"More Than Matrices: SAS/IML Software Supports New Data Structures"
"Move the World"
"Move the World (:15REV)"
"Move Your Organization to the Next Level. Based on trusted decisions."
"Moving Away from NY to Own a Home"
"Moving SAS Viya Contents: A RESTful Way"
"Multinomial Versus Ordinal: Does Model Selection Make a Difference?"
"Multivariate Time Series Analysis with the VARMAX Procedure"
"My First SAS Package: A How-To"
"Natural Language Processing: An Introduction"
"Natural Progression of Transaction Monitoring Capabilities"
"Nedbank | Finding Value in Endless, Fragmented Data Streams with SAS | SAS Customers"
"Need help navigating SAS? Here’s your guide"
"Negation Handling in Information Extraction Using REMOVE_ITEM Rules"
"Nepal Modernization GatherIQ APP withLogo 22Mar17 422"
"Neural Network Based Forecasting Strategies in SAS Viya"
"New Procedures in SAS Visual Statistics 8.5"
"Next Steps: Important Considerations for Moving Your Data and Formats into CAS"
"Next-Generation Data Mining and Machine Learning: Python and SAS Together at Last"
"NMIMS University | Train Students Using SAS Analytics | SAS Software"
"Nonparametric Regression Modeling with the ADAPTIVEREG Procedure"
"Norwegian Seafood Council using SAS Visual Analytics"
"Official Kickoff of the #HackinSAS Hackathon for AP Region"
"Official Kickoff of the #HackinSAS Hackathon for EMEA & US Regions"
"Oklahoma State University (OSU) - Analytics Drive Data-Informed Decision Making - SAS Customers"
"Old Dominion Electric Cooperative (ODEC) | Better Forecasting with Analytics | SAS Customers"
"Omnichannel Analytics Powers the Internet of Things (IoT) for Retail"
"On-Site Child Care: Balancing Work and Life at SAS"
"Open Source SAS Macros: What? Where? How?"
"Open-Source Model Management with SAS Model Manager"
"Operationalize Intelligence for Safer Communities With SAS Intelligence and Investigation Management"
"Optimizing Supply Chain Robustness Through Simulation and Machine Learning"
"Orlando Magic | Analytics Proves Perfect Assist for NBA Team | SAS Customers"
"Orlando Magic | Improve Fan Experience and Grow Ticket Sales | SAS Customers"
"Orlando Magic | Improving On-court Performance With Help From SAS | SAS Customers"
"Oslo Cancer Cluster Is Using Data for Good with SAS"
"OSU’s Analytics Journey"
"Overview Kerberos Authentication"
"Overview of Responsible AI in Practice"
"Overview of SAS Middle-Tier HTTPS"
"Pandemic Pandemonium"
"Panel Data Modeling in SAS/ETS"
"PARSING: Using SAS When the Data Is Hiding in a Nonstandard Format"
"Patrick Xhonneaux from SAS Analytics Day 2019 | Casablanca - Maroc"
"Perform Power and Sample Size Analysis with SAS Studio Tasks"
"Performing Restricted Mean Survival Time Analysis (RMST) Using SAS/STAT"
"Perspectives on Communications: Networks Analytics for Communications"
"Physical Distancing and Crowding Monitoring Using Computer Vision"
"Police Shooting in the United States | What Happens After Police Shootings"
"Power Analysis for Generalized Linear Models Using the New CUSTOM Statement in PROC POWER"
"Power to the Report Viewers"
"Powering Smarter Governments with AI and Analytics"
"Powering Smarter Governments with AI and Analytics: Anil Arora, Chief Statistician of Canada"
"Powering Smarter Governments with AI and Analytics: Steve Bennett, Dir, Global Govt. Practice, SAS"
"Practical Geospatial Analysis of Open and Public-Use Data"
"Prediction of Parkinson’s Disease With a Regression Model Using Vertical Ground Reaction Force Data"
"Prepare Census Data in SAS Studio | Video 5 of 6"
"Press Release: SAS Intelligence and Investigation Management"
"PREVIEW - What is Machine Learning Lifecycle?"
"Prime Therapeutics | Relies on SAS Fraud Framework to Fight Fraud | SAS Customers"
"Principal Component Analysis Demystified"
"PROC GENSELECT and PROC LOGSELECT: Old Friends, New Clothes!"
"PROC HTTP: Using the Web to Combat Fraud in Auto Finance During a Global Pandemic"
"PROC OPTMODEL: Solving Optimization Problems with Hybrid Approaches"
"Procurement Integrity | 4 Keys to Success"
"Procurement Integrity | Product Overview"
"Protecting the Earth’s Biodiversity with Artificial Intelligence"
"pyviyatools a Viya REST application"
"Quality Control in Manufacturing Using 3D Digital Twin with the SAS Platform"
"Quality Engineers Hit Production Quality Targets With SAS Production Quality Analytics"
"Quick Tech Tips from Experienced SAS Users"
"R&D Support Demo: How to Use the New Random-Number Generators in SAS"
"Raising the Bar! Developing World-Class Reports with SAS Visual Analytics"
"Random Forest and Support Vector Machines Getting the Most from Your Classifiers"
"Ray Kurzweil On-Demand from Beyond Tomorrow - SAS CEMEA Virtual Event"
"Ray Kurzweil Presentation Sneak Peek - SAS CEMEA Virtual Event"
"Real Men Wear Pink - Oliver Schabenberger"
"Real-Time Analytics – Unlocking the Customer Experience"
"Reduce AML risks and compliance costs with SAS Anti-Money Laundering"
"Reduce Retail Returns Fraud With Predictive, Real-time Analytics & Machine Learning"
"Reduce Your SAS Carbon Footprint While Increasing SAS Value"
"Reducing Ecological Footprint: Examining Panel Data"
"Regime-Switching Regression Using the HMM Procedure"
"Regression Model Building for Large, Complex Data with SAS Viya Procedures"
"Reimagine Analytics in the Cloud with SAS and Microsoft Azure"
"Reimagine Marketing with SAS Customer Intelligence 360"
"Reject Inference in SAS Enterprise Miner"
"Release Highlights for SAS Viya 2020.1 and SAS Viya 2020.1.1"
"Reliability of Individual Predictions Estimation for Claim Risk-Scoring Models"
"Reporting Correlation Coefficient Results and Plots: A SAS Macro That Does It All"
"Reporting on Metadata Using SAS Environment Manager"
"Road2AI Series 2020 Promo"
"Robust Regression and Portfolio Construction using SAS"
"Royal Bank of Scotland and SAS: The Customer Data Connection"
"Running a CodeSnaps Session"
"Running CMS Risk Adjustment Models with SAS Enterprise Guide 8"
"Running SAS Workloads Using Clustered File Systems on Amazon Web Services"
"Running Your SAS Code from the Web Using the SAS Job Execution Web Application"
"S1E1: An Electric World Order | Electrifying AI Energy Podcast"
"S1E2: Electricity Pandemified | Electrifying AI Energy Podcast"
"S1E3: Saving our Planet | Electrifying AI Energy Podcast"
"S1E4: Energy Independence Anthem | Electrifying AI Energy Podcast"
"S1E5: Your Next Greatest Investment | Electrifying AI Energy Podcast"
"S1E6: The Holy Grail | Electrifying AI Energy Podcast"
"S2E1 | Improving Health Equity and Health Outcomes with Analytics | Health Pulse Podcast"
"S2E1: What to Watch for in 2021 | Electrifying AI Energy Podcast"
"S2E2 | The Next Evolution of Decentralized Clinical Trials | Health Pulse Podcast"
"S2E2: The Path to Carbon-free Energy | Electrifying AI Energy Podcast"
"S2E3 | Fighting Cancer with Social Determinants of Health Data | Health Pulse Podcast"
"S2E3: If not us, then who? | Electrifying AI Energy Podcast"
"S2E4 | Healthier Living Through Epigenetics Analysis | Health Pulse Podcast"
"S2E4: A big deal | Electrifying AI Energy Podcast"
"S2E5 | Creating a Healthier World with Ethical AI | Health Pulse Podcast"
"S2E5: An Equitable Energy Transition | Electrifying AI Energy Podcast"
"S2E6 | Improving Maternal Health through AI and Biomedical Science | Health Pulse Podcast"
"S2E6: An Even Greater Grid | Electrifying AI Energy Podcast"
"S2E7: Building Tomorrow Today | Electrifying AI Energy Podcast"
"S3E1 – Making Cancer Care More Equitable and Effective – Health Pulse Podcast"
"S3E1: Electricity Industry in Australia - A Global Perspective | Electrifying AI Energy Podcast"
"S3E2 – Meet Your Digital Health Twin of the Future – Health Pulse Podcast"
"SAS - Embracing Sustainability"
"SAS & Jason Mann Invite You to Attend 2019 IoT Solutions World Congress"
"SAS & KPMG: Reduce Retail Returns Fraud With Predictive, Real-time Analytics & Machine Learning"
"SAS 360° Overview Video"
"SAS 9.4 Metadata Clustering: Failover Situations"
"SAS 9.4 Metadata Clustering: How Quorum Works"
"SAS 9.4M3 In-Database Code Accelerator for Hadoop: An Overview"
"SAS Academy for Data Science: Computable Award Nominee"
"SAS Accessibility Webinar | Collaborative Coding for All Students"
"SAS Accessibility Webinar | Creating Accessible Data Visualizations Using SAS Graphics Accelerator"
"SAS Accessibility Webinar | Creating Accessible Maps Using SAS Graphics Accelerator and Google Maps"
"SAS Accessibility Webinar | Exploring Accessible Campus Maps Using SAS Graphics Accelerator"
"SAS Analytics Cafe - Aydın Satıcı, SBM (1. Bölüm)"
"SAS Analytics Cafe - Aydın Satıcı, SBM (2. Bölüm)"
"SAS Analytics Cafe - İsmail Parsa, Hepsiburada (1. Bölüm)"
"SAS Analytics Cafe - İsmail Parsa, Hepsiburada (2. Bölüm)"
"SAS Analytics Café - Kişisel Verilerin Korunması Kanunu’na Hazır Mısınız? - Teaser"
"SAS Analytics Café - Kişisel Verilerin Korunması Kanunu’na Hazır Mısınız? – 1. Bölüm"
"SAS Analytics Café - Kişisel Verilerin Korunması Kanunu’na Hazır Mısınız? – 2. Bölüm"
"SAS Analytics Cafe - Necati Özdeniz, CarrefourSA (1.bölüm)"
"SAS Analytics Cafe - Necati Özdeniz, CarrefourSA (2.bölüm)"
"SAS Analytics Cafe - Sabanci Üniversitesi"
"SAS Analytics Café - Sigorta Şirketleri Veri Analitiğini Nasıl Kullanabilir?"
"SAS Analytics Café - Sigorta Şirketleri Veri Analitiğini Nasıl Kullanabilir? - Teaser"
"SAS Analytics Cafe - Uğur Aydın, Finansbank"
"SAS Analytics Café – Adnan Metin, Yıldız Holding & Murat Yıldız, CIO Dergisi – 1.Bölüm"
"SAS Analytics Café – Adnan Metin, Yıldız Holding & Murat Yıldız, CIO Dergisi – 2.Bölüm"
"SAS Analytics Café – Anand Vishwanathan, Emirates NBD"
"SAS Analytics Café – Artificial Intelligence – is it something new?"
"SAS Analytics Café – Attila Bayrak, Akbank & Cem Seymen"
"SAS Analytics Café – Barış Fındık, Pegasus & Serdar Kuzuloğlu – 1. Bölüm"
"SAS Analytics Café – Barış Fındık, Pegasus & Serdar Kuzuloğlu – 2. Bölüm"
"SAS Analytics Café – Barış Karakullukçu, Turkcell"
"SAS Analytics Café – Bartosz Dobrzyński, PLAY"
"SAS Analytics Café – Bartosz Orlewicz, innogy"
"SAS Analytics Café – Boğaç Göncü, Sahibinden.com"
"SAS Analytics Café – Burak Aydın, SabancıDx & Murat Yıldız, CIO Dergisi"
"SAS Analytics Café – Burak Aydın, SabancıDx & Murat Yıldız, CIO Dergisi – 2.Bölüm"
"SAS Analytics Café – Çağrı Merkezlerinde Veri ve Analitik Kullanımı Ne Tür Fırsatlar Sunuyor?"
"SAS Analytics Café – Does advanced analytics need a big investment?"
"SAS Analytics Café – Dr. Rafat Malik, Saudi Telecom Company (STC)"
"SAS Analytics Café – Ege Örer, AXA Sigorta"
"SAS Analytics Café – Emek Akbal, AvivaSA – 1. Bölüm"
"SAS Analytics Café – Emek Akbal, AvivaSA – 2. Bölüm"
"SAS Analytics Café – Emre Demir, DenizBank"
"SAS Analytics Café – Gökhan Yoluaçık, Domino’s & Serdar Kuzuloğlu"
"SAS Analytics Café – Günseli Özen, Marketing Türkiye & Ömer Barbaros Yiş, Turkcell, 1. Bölüm"
"SAS Analytics Café – Günseli Özen, Marketing Türkiye & Ömer Barbaros Yiş, Turkcell, 2. Bölüm"
"SAS Analytics Café – Hakan Aran, Türkiye İş Bankası & Cem Seymen – 1. Bölüm"
"SAS Analytics Café – Hakan Aran, Türkiye İş Bankası & Cem Seymen – 2. Bölüm"
"SAS Analytics Café – İnanç Çakıroğlu, Turkcell"
"SAS Analytics Café – Koray Kaya, Kredi Kayıt Bürosu (KKB)"
"SAS Analytics Café – Luca L. Decarli, Saudi Telecom Company (STC)"
"SAS Analytics Café – Mehmet Bütün, Türk Hava Yolları"
"SAS Analytics Café – Neil Harbisson"
"SAS Analytics Café – Prof. George M. Giaglis, Director, Institute For the Future, Univ. of Nicosia"
"SAS Analytics Café – Salih Taşyon, Sigorta Bilgi ve Gözetim Merkezi – 2. Bölüm"
"SAS Analytics Café – Seda Tekin, BNP Paribas Cardif – 2. Bölüm"
"SAS Analytics Café – Serkan Öztürk, Turkcell & Serdar Kuzuloğlu - Teaser"
"SAS Analytics Café – Sezona veda"
"SAS Analytics Café – Syed Naqvi, Al Hilal Bank"
"SAS Analytics Café – Talha Karim, Commercial International Bank - CIB Egypt"
"SAS Analytics Café – Taylan Matkap, Aktüerler Derneği Başkanı"
"SAS Analytics Café – Umut Çakmak, Albaraka Türk Katılım Bankası"
"SAS Analytics Café – Yapay Zeka ile Hayatımızda Ne Tür Gelişmeler Gözlemleyeceğiz?"
"SAS Analytics Café – Yiğit Karabağ - Teaser"
"SAS Analytics Café – Ziya Erdem, Enerjisa Enerji & Cem Seymen, 1. Bölüm"
"SAS Analytics Café – Ziya Erdem, Enerjisa Enerji & Cem Seymen, 2. Bölüm"
"SAS Analytics Cafe- TEB, Aşkın Dolaştır"
"SAS Analytics Café: Kaan Sekban, Komedyen, Yazar"
"SAS Analytics Café: Osman Karakütük, Ziraat Katılım Bankası"
"SAS Analytics Day 2019, Partage et Networking | Casablanca - Maroc"
"SAS Analytics Summit 2019 - Dubai, the United Arab Emirates"
"SAS and Microsoft: Reimagine Analytics in the Cloud"
"SAS and Microsoft: Reimagine Analytics in the Cloud :06 v1"
"SAS and Microsoft: Reimagine Analytics in the Cloud :06 v2"
"SAS and Microsoft: Reimagine Analytics in the Cloud :15"
"SAS as a Partner"
"SAS at the 2017 NRF Big Show – Customer Journey Experience"
"SAS at the 2017 NRF Big Show – Omnichannel Analytics"
"SAS at the 2017 NRF Big Show – Virtual Reality Experience"
"SAS Best Practice Chat - 7 Best Practices For Your IoT Journey"
"SAS Best Practice Chat - Getting Prepared For Your IoT Journey"
"SAS Best Practice Chat - It All Starts with an IoT Strategy"
"SAS Best Practice Chat - The IoT Ecosystem: Don't Go It Alone"
"SAS Best Practice Chat - What IoT Success Looks Like"
"SAS Campus Tour | About SAS"
"SAS Canada - Smart Cities Innovation Challenge"
"SAS CEO Jim Goodnight Explains SAS, Company's Growth"
"SAS CEO Jim Goodnight on Big Data and High-Performance Analytics"
"SAS CEO Jim Goodnight on High-Performance Analytics"
"SAS CEO Jim Goodnight on How to Stay Competitive"
"SAS CEO Jim Goodnight on Leadership: Know When to Quit"
"SAS CEO Jim Goodnight on SAS' Art Collection"
"SAS CEO Jim Goodnight on SAS' Great Employee Benefits"
"SAS CEO Jim Goodnight on What Differentiates SAS Analytics"
"SAS CEO Jim Goodnight: Creative People Want to Make a Difference"
"SAS CEO Jim Goodnight: It Matters What Customers Think"
"SAS CEO Jim Goodnight: People Are Most Important Asset"
"SAS CEO Jim Goodnight: Workers Value Face-to-Face Communication"
"SAS Certification Overview: What's New in 2021"
"SAS Certification Prep Guide: Statistical Business Analysis Using SAS9"
"SAS Certification Tips: Trends, Career Advice and Getting Started"
"SAS CI360 Release Highlights"
"SAS CI360 Retargeting Ad :06 | EMEA | Google Ads Platform | DEC 2020"
"SAS CI360 Retargeting Ad :20 | EMEA | Google Ads Platform | DEC 2020"
"SAS CI360 Retargeting Ad :30 | EMEA | Google Ads Platform | DEC 2020"
"SAS CI360 Retargeting Ad :45 | EMEA | Google Ads Platform | DEC 2020"
"SAS Cloud Analytic Services in SAS Viya Network Data Movement"
"SAS Computer Scientists Talk About Their Careers"
"SAS Connectivity in the Cloud"
"SAS Customer Data Platform Capabilities | SAS Customer Intelligence 360"
"SAS Customer Intelligence 360 - An Introduction"
"SAS Customer Intelligence 360 – Plan"
"SAS Customer Intelligence 360 Discover – A Marketer's Overview"
"SAS Customer Intelligence 360 Engage – A Marketer's Overview"
"SAS Customer Intelligence 360: Customer Journey Optimization"
"SAS Customer Intelligence 360: Guided Analytics"
"SAS Customer Intelligence 360: Test and Learn"
"SAS Data Integration at Al Hilal Bank"
"SAS Data Integration Studio 4.2 and Later: Creating a New Job"
"SAS Data Integration Studio 4.2 and Later: Debugging - Warnings & Errors"
"SAS Data Integration Studio 4.2 and Later: Modifying Control Flow"
"SAS Data Integration Studio 4.2 and Later: Populating a Simple Job"
"SAS Data Integration Studio 4.2 and Later: Reviewing Job Statistics"
"SAS Data Integration Studio 4.2 and Later: Submitting a Job"
"SAS Data Integration Studio 4.2 or Later: Using Checkpoints"
"SAS Data Integration Studio: Setting Properties for Transformations and Jobs"
"SAS Data Loader for Hadoop"
"SAS Data Loader for Hadoop: Product Overview"
"SAS Data Preparation Profiling Feature: Performing Data Discovery"
"SAS Data Quality: Customizing the SAS Quality Knowledge Base (QKB)"
"SAS Data Quality: The Power of the SAS Matchcode"
"SAS Decision Manager"
"SAS Demo | 4 Keys to Analytical Model Deployment and Management"
"SAS Demo | Add Scope to an Aggregated Measure in SAS Visual Analytics"
"SAS Demo | Auditing in SAS Viya"
"SAS Demo | Build a Date in SAS Visual Analytics Reports"
"SAS Demo | Capturing Output Tables from SAS Visual Forecasting 8.5"
"SAS Demo | Create a Custom Step in SAS Studio on SAS Viya"
"SAS Demo | Create a SAS Viya Job with a Prompt Using HTML Prompts"
"SAS Demo | Create a SAS Viya Job with a Prompt Using Task Prompts"
"SAS Demo | Data Entry in SAS Visual Analytics using SAS Viya Jobs"
"SAS Demo | Data Exploration Node in SAS Model Studio on SAS Viya"
"SAS Demo | Data Mining and Machine Learning for Analytics Life Cycle"
"SAS Demo | Deep Learning with Python (DLPy) and SAS Viya"
"SAS Demo | Deep Learning with Python (DLPy) and SAS Viya for Computer Vision"
"SAS Demo | Deep Learning with Python (DLPy) and SAS Viya for Image Embedding"
"SAS Demo | Deploy Python Models Into an ESP Project Using MAS"
"SAS Demo | Develop Web Application to Extract SAS Data"
"SAS Demo | Enabling Audit Data and User Activity Report for Tenant – Part 1"
"SAS Demo | Enabling Audit Data and User Activity Report for Tenant – Part 2"
"SAS Demo | Enhance Law Enforcement and Public Safety with Advanced Analytics"
"SAS Demo | Enhance SAS Visual Analytics Reports with Dynamic Infographics"
"SAS Demo | Exploring Networks with SAS Visual Analytics"
"SAS Demo | Exploring the Data Edits Viewer Customization Level | SAS Visual Analytics"
"SAS Demo | FREE! SAS Sample Data for Forecasting"
"SAS Demo | From Data to Prediction on the Web"
"SAS Demo | Get Analytics and Models to Market Quicker with Reduced Data Preparation Time"
"SAS Demo | Getting an ASTORE into an ESP Project"
"SAS Demo | Go Viya - First steps with Go language and SAS Viya"
"SAS Demo | Grid Administration in SAS 9.4 M6"
"SAS Demo | How to Configure a SAS/ACCESS Interface in SAS Viya 4"
"SAS Demo | How to filter data in SAS Visual Analytics report based on user location"
"SAS Demo | How to Import Terms in SAS Business Data Network"
"SAS Demo | How to prompt for a date range in a SAS Visual Analytics report"
"SAS Demo | Image Classification Using SAS"
"SAS Demo | Kubernetes Operator Framework | SAS Event Stream Processing"
"SAS Demo | Loving the New Forecast Viewer! | SAS Visual Forecasting 8.5 on SAS Viya 3.5"
"SAS Demo | Migration to SAS Viya: Assess and Package the Source 3.x System"
"SAS Demo | Model Creation and Selection Using SAS Visual Forecasting"
"SAS Demo | Moving SAS Model Studio Custom Templates"
"SAS Demo | Offline Report Does Not Mean Static Report"
"SAS Demo | Override External Forecasts in SAS Visual Forecasting"
"SAS Demo | Pattern Matching with ESP"
"SAS Demo | Publish and Run a SAS Model in Teradata"
"SAS Demo | SAS 9 Content Assessment"
"SAS Demo | SAS 9.4 System Evaluation"
"SAS Demo | SAS Analytics for IoT – Fast, Scalable Results from IoT Data"
"SAS Demo | SAS Business Data Network Supports Data Governance"
"SAS Demo | SAS Data Preparation on SAS Viya"
"SAS Demo | SAS Fair AI Tools"
"SAS Demo | SAS Global Certification | Advanced Programming Professional Exam Experience"
"SAS Demo | SAS Global Certification | Base Programming Specialist Exam Experience"
"SAS Demo | SAS Graph Builder: Custom Line Chart with Reference Line"
"SAS Demo | SAS Open Model Manager | First steps deploying open source models"
"SAS Demo | SAS Optimization Web App Using REST APIs with Embedded Visual Analytics Reports"
"SAS Demo | SAS Studio Tasks Save You Time"
"SAS Demo | SAS Visual Forecasting Model Studio Demonstration"
"SAS Demo | SAS Visual Forecasting Open Interface"
"SAS Demo | SAS Visual Text Analytics Demo (Version 8.4)"
"SAS Demo | SAS Viya Availability: CAS Data Failover"
"SAS Demo | SAS Viya Content Migration Using the sas-viya CLI Transfer Plugin"
"SAS Demo | SAS Viya Migration of Enterprise Guide Project to SAS Studio Flows"
"SAS Demo | Scaling the SPRE for SAS Viya 3.5"
"SAS Demo | Simple General Authorization Patterns in SAS Viya"
"SAS Demo | Solving the Traveling Salesman Problem using SAS Optimization"
"SAS Demo | Streaming Analytics with SAS Event Stream Processing"
"SAS Demo | Streamline your Open Source Ecosystem with SAS Open Model Manager"
"SAS Demo | The Power Behind a Hidden Data Role in SAS Visual Analytics"
"SAS Demo | Use parameters to highlight data points in a SAS Visual Analytics report"
"SAS Demo | Use Text Input for Custom Text Search in SAS Visual Analytics"
"SAS Demo | Use the Report Review Pane to Improve VA Report Performance"
"SAS Demo | Using Common Filters in SAS Visual Analytics"
"SAS Demo | Using the modifySASCode Content Assessment Application"
"SAS Demo | Viewing Logs with SAS Viya Monitoring for Kubernetes: Changing Log Levels"
"SAS Demo | What's New in SAS Visual Forecasting 8.4"
"SAS Demo | Working with ASTOREs in SAS Model Studio on SAS Viya"
"SAS Detection and Investigation for Insurance"
"SAS Econometrics for Your Econometric Modeling and Time Series Analysis"
"SAS Employee Inclusion Group Spotlight: Black Initiatives Group (BIG)"
"SAS Empowering Customers in Health Care and Life Sciences"
"SAS Enterprise Guide Migration Wizard"
"SAS Enterprise Guide: Apply Conditional Highlighting to a Report"
"SAS Enterprise Guide: Using the Bar Chart Wizard"
"SAS Enterprise Miner Software Demo"
"SAS Enterprise Miner: Making Machine Learning Manageable"
"SAS Environment Manager: Tracking Invalid Logon Notifications"
"SAS Event Stream Processing (v5.2) and Machine Learning Software Demo"
"SAS Event Stream Processing 5.2 Features"
"SAS Event Stream Processing 6.2 - Cloud Native Deployments"
"SAS Event Stream Processing at the Edge: Reduce or Eliminate the Need to Transmit Data for Analysis"
"SAS Event Stream Processing Demo"
"SAS Event Stream Processing in the Analytics Cloud"
"SAS Event Stream Processing with Kubernetes"
"SAS Exhibit at NRF 2020 | SAS Retail Solutions"
"SAS for Child Safety"
"SAS for Containers | Analytics in the Cloud"
"SAS for IDMP"
"SAS for Procurement Integrity"
"SAS Forecasting for the New Era"
"SAS Forum Argentina 2017"
"SAS Forum UK - ICC Birmingham 2019"
"SAS Fraud Management"
"SAS Functions to Drive Source Control with Git"
"SAS Global Forum 2018 Technology Connection"
"SAS Global Hackathon Regional Awards Ceremony"
"SAS Graphics Accelerator: Audio Mappings for Sonification"
"SAS Graphics Accelerator: Getting Started"
"SAS Grid Computing Overview Video"
"SAS Grid Manager - Business Value"
"SAS Grid Manager - Capabilities for a Competitive Edge"
"SAS Grid Manager - The Power of Python Code"
"SAS Grid Manager + SAS Viya: A Powerful Combination"
"SAS Grid Manager Demo"
"SAS Hackathon 2022 Kickoff Webcast for AP Region"
"SAS Hackathon 2022 Kickoff Webcast for EMEA & Americas Regions"
"SAS Helps Banks Contend with IFRS 9 and CECL Accounting Standards"
"SAS Helps STC Find Insights in Company Journey of Digital Transformation"
"SAS Identity 360 | Identity Theft Protection Across the Customer Journey"
"SAS Information Catalog Sneak Peek"
"SAS Inside Out"
"SAS Integration with Amazon Redshift in Six Scenarios"
"SAS Intelligence and Investigation Management"
"SAS Intelligence and Investigation Management | Safeguarding What Matters Most"
"SAS Intelligent Decisioning | Product Overview"
"SAS Introduces Neil Chandler, Shop Direct Group"
"SAS IoT Analytics Solutions - We're All Connected"
"SAS IoT Analytics Solutions - We're All Connected :30"
"SAS LASR Analytic Server: Loading an Impala Table"
"SAS Life: Intern Edition | SAS Careers"
"SAS Life: Limitless possibility | SAS Careers"
"SAS Life: SAS Virtual Internship Experience | SAS Careers"
"SAS Lineage: Improving Data Governance"
"SAS Listens to: Andreas Athanassopoulos, Dixons Carphone"
"SAS Listens to: Solomon Berahas, Teiresias"
"SAS Machine Learning and AI"
"SAS Omnichannel Analytics"
"SAS Omnichannel Analytics – Fraud & Loss Prevention (Russian)"
"SAS Omnichannel Analytics Delivers Real-Time Customer Personalized Experiences"
"SAS Omnichannel Analytics Drives Improved Store Operations and Superior Customer Experiences"
"SAS Omnichannel Analytics Empowers Retail and CPG Supply Chains to Sense and Shape Demand"
"SAS Omnichannel Analytics Empowers Retail to Predict, Detect, Visualize Fraud & Loss Prevention"
"SAS Omnichannel Analytics Empowers Today's Retail End to End Merchandising Process"
"SAS Omnichannel Analytics Empowers Today's Retailers"
"SAS Omnichannel Analytics Enables Retailers Personalize & Predict Insight for Digital Commerce"
"SAS on an Amazon Web Services Data Lake: Enabling Access to Data Lakes on SAS"
"SAS OnDemand for Academics:  Accessing and Uploading Data (Student Edition)"
"SAS OnDemand for Academics:  Enrollment Link  (Student Edition)"
"SAS OnDemand for Academics:  SAS Studio  (Student Edition)"
"SAS OnDemand for Academics:  Support Communities (Student Edition)"
"SAS OnDemand for Academics: Enrollment Link  (Instructor Edition)"
"SAS OnDemand for Academics: Profile Creation  (Instructor Edition)"
"SAS OnDemand for Academics: SAS Studio  (Instructor Edition)"
"SAS OnDemand for Academics: Support Communities  (Instructor Edition)"
"SAS Optimization 8.2"
"SAS Optimization on SAS Viya Using PROC OPTMODEL"
"SAS Overview: Find out what The Power to Know can do for you"
"SAS Packages: The Way to Share"
"SAS Passion and Perks | SAS Careers"
"SAS Procedure Output: Using Formats With ODS Style Options to Produce a Trafficlighting Effect"
"SAS Results | A Services Option for Deeper Analytic Results"
"SAS Retail Analytics Empowers Landmark Group"
"SAS Retail and Consumer Goods Overview"
"SAS Software Live Stream"
"SAS Studio 3.8 Visual Programming"
"SAS Studio Engineer | DataOps | SAS Viya 2021.2.4"
"SAS Studio On Grid"
"SAS Tech Talk: SAS Programming Language Advances"
"SAS Time Series Analysis and Forecasting at Canada Revenue Agency With COVID Impacts"
"SAS Tip | SAS Enterprise Guide: Dark Mode"
"SAS Tip | SAS Enterprise Guide: Macro Variables"
"SAS Tip | SAS Enterprise Guide: Reading Text Files"
"SAS Tip | SAS Enterprise Guide: Tips for Exporting to Excel"
"SAS Tutorial | 3 Steps to Build a SAS Macro Program"
"SAS Tutorial | 3 Tips for Custom Reports in SAS Visual Analytics on SAS Viya"
"SAS Tutorial | 4 Tips for Working with SAS Technical Support"
"SAS Tutorial | 5 Steps to Your First Analytics Project Using SAS"
"SAS Tutorial | 5 Ways to Make Your SAS Code Run Faster"
"SAS Tutorial | A Hands On Introduction to SAS DATA Step Hash Programming Techniques"
"SAS Tutorial | A Practitioner's Guide to Building a Deep Learning Model"
"SAS Tutorial | Autotuning Deep Learning Models Using SAS"
"SAS Tutorial | Beyond the Basics of Macro"
"SAS Tutorial | Building Custom Model Assessment Plots in SAS"
"SAS Tutorial | CLI in SAS Viya"
"SAS Tutorial | Coding in SAS Viya"
"SAS Tutorial | Combining Data in SAS: DATA Step Versus SQL"
"SAS Tutorial | Create a Scatterplot in SAS Visual Analytics on SAS Viya"
"SAS Tutorial | Creating Graphs Using SAS Studio"
"SAS Tutorial | Creating Recommendations in SAS Customer Intelligence 360"
"SAS Tutorial | Data Preparation Utilizing Suggestions in SAS Viya"
"SAS Tutorial | Data Visualization with SAS Visual Analytics in SAS Viya"
"SAS Tutorial | Deep Clustering in SAS"
"SAS Tutorial | Deploying and Managing Models in SAS Viya"
"SAS Tutorial | Doing More with SAS Enterprise Guide: Tips and Advanced Techniques"
"SAS Tutorial | Doing More with the SAS Add-In for Microsoft Office"
"SAS Tutorial | Dynamic Date Filters in SAS Visual Analytics on SAS Viya"
"SAS Tutorial | End-to-End Modeling and Machine Learning in SAS Viya"
"SAS Tutorial | Exploring SAS Enterprise Guide 8"
"SAS Tutorial | Getting Started with SAS Enterprise Guide (Extended Version)"
"SAS Tutorial | Getting Started with SAS Enterprise Guide (Quickstart)"
"SAS Tutorial | Getting Started with SAS Information Catalog in SAS Viya"
"SAS Tutorial | Getting Started with SAS OnDemand for Academics"
"SAS Tutorial | Getting Started with SAS Skill Builder for Students"
"SAS Tutorial | Getting Started with SAS Visual Analytics on SAS Viya"
"SAS Tutorial | Getting Started with SAS Viya for Learners"
"SAS Tutorial | Getting Started with the SAS Add-In for Microsoft Office"
"SAS Tutorial | Getting the Most out of SAS Macro and SQL"
"SAS Tutorial | Gradient Boosting Explained"
"SAS Tutorial | High-Performance Data Manipulation with SAS DS2"
"SAS Tutorial | How SG Procedures Help You With Data Storytelling"
"SAS Tutorial | How to add leading zeroes in SAS"
"SAS Tutorial | How to Automate Emails Using SAS"
"SAS Tutorial | How to Build Customized Object Detection Models"
"SAS Tutorial | How to Choose a Machine Learning Algorithm"
"SAS Tutorial | How to compare models in SAS"
"SAS Tutorial | How to Concatenate Values in SAS"
"SAS Tutorial | How to Connect SAS and Python Using Jupyter Notebooks"
"SAS Tutorial | How to connect to databases in SAS Viya"
"SAS Tutorial | How to convert character to numeric in SAS"
"SAS Tutorial | How to Create Macro Variables and Use Macro Functions"
"SAS Tutorial | How to create PDF, HTML and SAS outputs with Jupyter"
"SAS Tutorial | How to Create Synthetic Image Data"
"SAS Tutorial | How to Deploy Models in SAS"
"SAS Tutorial | How to export SAS data to Excel"
"SAS Tutorial | How to Get Certified in SAS Viya Programming"
"SAS Tutorial | How to import CSV files into SAS"
"SAS Tutorial | How to import data from Excel to SAS"
"SAS Tutorial | How to improve email deliverability"
"SAS Tutorial | How to Market to Customers Based on Online Behavior"
"SAS Tutorial | How to Pick Hyperparameters of Machine Learning Models"
"SAS Tutorial | How to Plan an Optimal Tour of London Using Network Optimization"
"SAS Tutorial | How to Restructure Your Data Using Arrays and DO Loops"
"SAS Tutorial | How to Sort Data in SAS"
"SAS Tutorial | How to train forest models in SAS"
"SAS Tutorial | How to use Dropout in Deep Learning"
"SAS Tutorial | How to use Git with SAS"
"SAS Tutorial | Import Data with SAS Visual Analytics on SAS Viya"
"SAS Tutorial | Interpreting Machine Learning Models in SAS"
"SAS Tutorial | Intro to SAS Intervals"
"SAS Tutorial | Introduction to Bayesian Analysis"
"SAS Tutorial | Introduction to CAS and Coding in CASL in SAS Viya"
"SAS Tutorial | Introduction to Network Analytics With SAS"
"SAS Tutorial | Introduction to Spatial Econometric Modeling"
"SAS Tutorial | K-means Clustering Algorithm"
"SAS Tutorial | Lift and Response Charts in SAS"
"SAS Tutorial | Linear State Space Models for Time Series, Panel and Longitudinal Data Analysis"
"SAS Tutorial | Low Code No Code in SAS Studio"
"SAS Tutorial | Machine Learning Fundamentals"
"SAS Tutorial | Machine Learning in SAS for Regression and Classification"
"SAS Tutorial | Machine Learning Magic Tricks Using SAS"
"SAS Tutorial | Machine Learning Tutorial for SAS Programmers"
"SAS Tutorial | Machine Learning: A Coding Example in SAS"
"SAS Tutorial | Merging Data Sets in SAS using SQL"
"SAS Tutorial | Migrating SAS 9.4 Jobs to SAS Viya"
"SAS Tutorial | Missing value imputation using SAS"
"SAS Tutorial | Multiple Linear Regression in SAS"
"SAS Tutorial | Online SAS Training Course Resources"
"SAS Tutorial | Opening the Black Box of Model Interpretability in SAS Viya"
"SAS Tutorial | Overview of Container Technology: A Quick Introduction to All Things Containers"
"SAS Tutorial | PROC SORT Features That Will Simplify Your Code"
"SAS Tutorial | PROC SQL Programming Techniques for SAS Users and Programmers"
"SAS Tutorial | Python Integration with SAS Viya"
"SAS Tutorial | Reinforcement Learning in SAS"
"SAS Tutorial | Resize, Rename and Reformat Data with SAS Macros"
"SAS Tutorial | ROC Charts in SAS"
"SAS Tutorial | Running SAS 9 Programs in SAS Viya"
"SAS Tutorial | SAS Certification Exam | 4 Tips for Success"
"SAS Tutorial | SAS Date Functions FAQs"
"SAS Tutorial | SAS Enterprise Guide vs. SAS Studio"
"SAS Tutorial | SAS for Mixed Models"
"SAS Tutorial | SAS Visual Statistics in SAS Viya"
"SAS Tutorial | Step-by-Step PROC SQL"
"SAS Tutorial | The Fundamentals of DATA Step Programming"
"SAS Tutorial | The SAS Exam Experience | See a Performance-Based Question in Action"
"SAS Tutorial | The SAS Hash Object: A Deeper and Wider Look at the Fundamentals and Functionality"
"SAS Tutorial | Three Secrets for Boosting Machine Learning Models"
"SAS Tutorial | Three Steps to Learn Python in SAS Viya"
"SAS Tutorial | Tips for Filtering Data Sources in SAS Visual Analytics"
"SAS Tutorial | Transfer Learning"
"SAS Tutorial | Transforming Variables in SAS"
"SAS Tutorial | Unsupervised Learning Example: Autoencoders"
"SAS Tutorial | Using Jupyter to Boost Your Data Science Workflow"
"SAS Tutorial | Using SAS in Python Applications With SASPy and Open Source Tools"
"SAS Tutorial | Using SAS Macro Variable Lists to Create Dynamic Data-Driven Programs"
"SAS Tutorial | Using SAS Visual Text Analytics"
"SAS Tutorial | Using the SAS Add-In for Microsoft Office in Microsoft Excel"
"SAS Tutorial | Using the SAS Add-In for Microsoft Office in Microsoft Outlook"
"SAS Tutorial | Using the SAS Add-In for Microsoft Office in Microsoft PowerPoint"
"SAS Tutorial | Using the SAS Add-In for Microsoft Office in Microsoft Word"
"SAS Tutorial | Visual Analytics for SAS Viya"
"SAS Tutorial | What are control charts for rare events (G-charts)?"
"SAS Tutorial | What are Shewhart Control Charts?"
"SAS Tutorial | What is ANOM (analysis of means)?"
"SAS Tutorial | What is ANOVA?"
"SAS Tutorial | What is Batch Normalization"
"SAS Tutorial | What is logistic regression?"
"SAS Tutorial | What is Pareto Analysis?"
"SAS Tutorial | What is SAS Viya"
"SAS Tutorial | Working with SAS Visual Analytics Reports Using the SAS Add-In for Microsoft Office"
"SAS University Edition Overview"
"SAS User Michelle Homes on SAS Communities"
"SAS Users Groups: Connect. Learn. Support."
"SAS Users Live Stream - Testing"
"SAS Visual Analytics 7.4 | Cascading Prompts"
"SAS Visual Analytics App for iOS: Opening and Exploring Reports using VoiceOver"
"SAS Visual Analytics App: Working with Reports from your Mobile Device"
"SAS Visual Analytics Report Designer: Pick Your Metric"
"SAS Visual Analytics SDK: Embed SAS Visual Analytics Insights in Your Web Pages and Web Apps"
"SAS Visual Analytics What-If Analysis | Using advanced forecasting"
"SAS Visual Defect Detection System"
"SAS Visual Forecasting | Creating and Interpreting Diagnostic Graphs"
"SAS Visual Investigator: Non-Visual Access to Exploring the Network Diagram"
"SAS Visual Investigator: Using Voice Control to Explore the Network Diagram"
"SAS Visual Text Analytics Demo"
"SAS Viya - Experience Your New Possible"
"SAS Viya – Empowerment for Everyone"
"SAS Viya – Hidden Insights Revealed"
"SAS Viya – Resilience Amid Uncertainty"
"SAS Viya – Trusted Outcomes that Matter"
"SAS Viya + Microsoft Azure: Dr. Jim Goodnight and Satya Nadella"
"SAS Viya 3.2 Administration Logging: Adjusting the Logging Level for a SAS Microservice"
"SAS Viya 3.3 AWS QuickStart"
"SAS Viya 3.5 and SAS Viya 4: A Side-by-Side Comparison"
"SAS Viya 3.5 Kerberos Constrained Delegation: An Overview"
"SAS Viya 3.5 Kerberos Constrained Delegation: Prerequisites"
"SAS Viya Administration | Command Line Interfaces"
"SAS Viya Administration: Accessing Administrative Functionality"
"SAS Viya Administration: How to Add a New Permanent Format Library to SAS Viya"
"SAS Viya CAS Libraries (Caslibs) Simplified"
"SAS Viya Data Mining and Machine Learning: Creating ROC Curves"
"SAS Viya Memory Footprint Analysis and Reduction"
"SAS Viya on Microsoft Azure | Demo Part 1: Data and Discovery"
"SAS Viya on Microsoft Azure | Demo Part 2: Model and Deploy"
"SAS Viya on Microsoft Azure | Demo Part 3: Automate and Monitor"
"SAS Viya Quickstart for Google Cloud Platform"
"SAS Viya Quickstart Template for Azure | Introduction and Demonstration"
"SAS Viya SCIM Configuration"
"SAS Viya Topologies - Topologies 3"
"SAS Viya Topologies – An Introduction"
"SAS Viya Topologies – Topologies 2"
"SAS Viya with Azure AD SCIM"
"SAS Viya with OKTA SCIM"
"SAS WOMENS INITIATIVE NETWORK Celebrates STEM, Analytics and Empowerment"
"SAS: Leading Positive Change"
"SAS: Los Datos - El poder del crecimiento y la consolidación"
"SAS/ETS Tools for Modeling Frequency, Severity, and Aggregate Losses"
"SAS® Data Governance"
"SAS® Enterprise Miner in SAS® OnDemand™ for Academics"
"SAS® Mobile BI for Android: Introducing the App"
"SAS® Mobile BI for Android: View Reports"
"SAS® Mobile BI for iPad and iPhone: Introducing the App"
"SAS® Mobile BI for iPad and iPhone: View Reports"
"SAS® Optimization Demo"
"Scaffolding SAS Projects With NPM and SASjs"
"Scalable Cloud-Based Time Series Analysis and Forecasting Using Open Source Software"
"Sciensano - Healthdata, A Unique Global Platform for Scientific Research"
"Scoring Predictive Models with SAS/STAT Software"
"SDC uses AML powered by SAS"
"Seacoast Bank | Enhance Customer Value Using Artificial Intelligence | SAS Customers"
"Security in the SAS Cloud | Data Security and Data Privacy"
"See All of Your Characters in SAS Studio"
"Seeing the SAS Impact"
"Selecting Clusters with the Aligned Box Criterion"
"Self Service Data Prep for Analytics and Reporting"
"Setting New Hires Up for Success at SAS | SAS Careers"
"Setting Up an Enterprise Miner Project | Getting Started with SAS Enterprise Miner"
"Setting up Git repository in SAS Studio 5.2"
"Setting Up Shared Folders for SAS University Edition"
"Shubham Chatterji - Artificial Intelligence & Machine Learning for Business & Decision Analysis"
"Simulate and Save Critical Data | SAS Simulation Studio"
"Sirius XM POTUS Channel Discusses Voter Registration Trends with SAS’ Steve Bennett"
"Slinging Hash: The HASHING Functions Available in SAS"
"Social Innovation – How Analytics can Help NatureServe Protect Biodiversity"
"Social Media Connectors, SAS Workload Management | SAS Viya 2021.2.1"
"Société des alcools du Québec | Improved Customer Experience | SAS Customers"
"Spatial Analytics With SAS: Examining Contributions to OpenStreetMap for the Covid-19 Response"
"Spatial Data Modeling, Long-Memory Multivariate Time Series, and More New Features in SAS/ETS® 14.2"
"Spatial Econometric Modeling for Big Data Using SAS Econometrics"
"Special Olympics World Games 2019 Creates a Data-driven Legacy of Inclusion With SAS"
"Speech to text, Microsoft Power integration | SAS Viya 2020.1.2"
"SPG Dry Cooling | Advanced Analytics Applied | SAS Customers"
"Stacked Ensemble Models and Data Science Competitions"
"Statistical Quality Improvement with SAS/QC"
"STC Reduces Call Center Calls by 30% Through Inpath Analysis"
"STEM Career Showcase for Students with Disabilities 2017"
"STEM Career Showcase for Students with Disabilities 2018"
"STEM Career Showcase for Students with Disabilities 2019"
"Stephane Amarsy from SAS Analytics Day 2019 | Casablanca - Maroc"
"Stepping Up Your SAS Output Delivery System Graphics Game"
"Stratified Modeling with SAS® Visual Statistics"
"Stretch Your Mind and Your SAS Grid"
"StyleGANs, Custom Performance Reports | SAS Viya 2021.1.2"
"Super Static SG Graph"
"Supercharge your retargeting with SAS CI360 - increase conversions by 10x - for banking"
"Supercharge your retargeting with SAS CI360 - increase conversions by 10x - for insurance"
"Supercharge your retargeting with SAS CI360 - increase conversions by 10x - for retail"
"Supercharge your retargeting with SAS CI360 - increase conversions by 10x - for utilities"
"Support Complex Decisions With Decision Ensemble"
"Survey Data Analysis Made Easy With SAS"
"SWAT's it all about? SAS Viya for Python Users"
"Switching Things Up With the TRANSPOSE Procedure"
"Taming Text Data with SAS Studio Tasks"
"Telefónica:  Estrategias basadas en el conocimiento del cliente"
"Telenor is using advanced SAS® Analytics to enhance business decisions. Personalisation is key."
"Telling the Story of Your Process with Graphical Enhancements of Control Charts"
"Telling Your Model Risk Story During Covid-19"
"Telstra Creates a Winning Customer Experience using SAS Analytics"
"Ten Tips for Simulating Data with SAS"
"Text Analytics at British Airways"
"That's the Artificial Intelligence of Things"
"The Batting Lab | How Do You Improve Kids’ Understanding of Data?"
"The Batting Lab | How Do You Improve Kids’ Understanding of Data? | German 0:15"
"The Batting Lab | How Do You Improve Kids’ Understanding of Data? | German 0:30"
"The Batting Lab: Coming June 2022"
"The Beauty and Brains of Actionable Data: From Concept to Reality"
"The Competitive Advantage of Modern Analytics"
"The Connected Vehicle: How Analytics Drives Telematics Value"
"The Cost 0f Poor Forecasting"
"The Departure - The Rise Of Global Temperatures"
"The Difference Between Artificial Intelligence and Machine Learning"
"The Evolving Role of the Programmer & Skills Needed in COVID-19"
"The Global Impact in Carbon Footprint – Comparing Total CO2 Emissions"
"The Good, The Bad, and The Creepy: Why Data Scientists Need to Understand Ethics"
"The Health Pulse Podcast – Overview"
"The Human-Machine Relationship in End-to-End Machine Learning"
"The Internet of Insurance – Creating new revenue through IoT with embedded AI"
"The Internet of Things and the Connected Factory"
"The Internet of Things and the Connected Vehicle"
"The Internet of Things in Health Care"
"The New solveBlackbox Action in SAS Optimization 8.5"
"The Plight of the Honeybee"
"The Potential of Simulation Technologies: Multi-Agent Simulation and Reinforcement Learning"
"The Power of AI and Machine Learning to Plan for Climate Change"
"The Power of Analytics for Sustainable Development"
"The Power of Big Data for Real Time Decisions and Collaboration"
"The Power of SAS and Accenture for Communications"
"The Power of SAS Code Nodes: Implementing the Economic Capital Modeling Process in SAS Model Studio"
"The Power of SAS SQL"
"The Power of SAS with Hadoop"
"The SAS Building Clarity project"
"The SAS Cloud Analytics Quickstart for Demand Planning"
"The SAS Data Set Characterization Utility"
"The Secret to Successful CECL Model Implementation"
"The SEM Approach to Longitudinal Data Analysis Using the CALIS Procedure"
"The Seven Most Popular Machine Learning Algorithms for Online Fraud Detection and Their Use in SAS"
"The Sinclair Hotel | A More Efficient Hotel | SAS Customers"
"The Sinclair Hotel |Bringing Location Analytics to Hospitality | SAS Customers"
"The Sinclair Hotel |Partnering to Enhance Guest Experience | SAS Customers"
"The Total Economic Impact of SAS Grid Manager"
"This is SAS - Ada Lopez"
"This is SAS - Ed Eng | SAS Careers"
"This is SAS - Grant Brooks | SAS Careers"
"This is SAS - I Sah Hsieh | SAS Careers"
"This is SAS - Jared Peterson | SAS Careers"
"This is SAS - Jessica Marquardt | SAS Careers"
"This is SAS - Katie Pergoraro | SAS Careers"
"This is SAS - Marvio Portela | SAS Careers"
"This is SAS - Portia Exum | SAS Careers"
"This is SAS: Jess Mayo | SAS Careers"
"This is SAS: Marcio Dobal"
"This is SAS: Riad Gydien"
"This is SAS: Sales leadership"
"Three Fundamental Mistakes That May Limit Your Career and How to Correct Them"
"TIC: La Economía digital en cifras"
"Time After Time: Difference-in-Differences and Interrupted Time Series Models in SAS"
"Time Series Similarity Search Using SAS Enterprise Miner"
"Time-savings and Productivity Gains"
"Tips and Strategies for Improving Mixed Models Performance"
"Tips and Techniques for Running CAS Actions"
"Tips for Getting SAS Certified"
"Tips for Providing Effective and Budget-Friendly SAS Development in a Remote Environment"
"Tools for Assessing a Propensity Score Model in SAS/STAT"
"Top 10 Platform Administration Tasks"
"Top 10 SAS Viya Administration Tasks"
"Topdanmark | Hybrid approach ensures seamless experience for insurance customers | SAS Customers"
"Town of Cary | Analyzing Water Meter Data With SAS Analytics | SAS Customers"
"Town of Cary | Cloud-Based Analytics Helps Town of Cary Weather the Storm | SAS Customers"
"Transcoding: Understand, Troubleshoot and Resolve a Most Mysterious SAS Error"
"Troubleshooting SAS Enterprise Miner: A Data Source Cannot Be Opened or Accessed"
"Troubleshooting SAS Enterprise Miner: Diagram Node Gives Error or Unexpected Result"
"Troubleshooting SAS Enterprise Miner: Methods and Resources"
"Troubleshooting SAS Enterprise Miner: Unable to Open or Create Project or Diagram"
"Trusting Technology To Build Health Systems"
"Tune In to Autotuning"
"Twenty Ways to Run Your SAS Program Faster and Use Less Space"
"Twenty Ways to Run Your SAS Programs Faster and Use Less Space"
"Twiddy & Company | Combining Hospitality and Analytics | SAS Customers"
"Twiddy & Company | Exceptional Customer Service Through Analytics | SAS Customers"
"Twiddy & Company | How One Small Business Leverages Analytics During Economic Disruptions"
"Uncover Tax Fraud with SAS"
"Understanding and Using SAS LASR Analytic Server Access Tools"
"Understanding and Using SAS LASR Memory Controls"
"Understanding How SAS Grid Manager Works"
"Understanding Network Configuration Variables in SAS Viya 3.5"
"Understanding SAS Viya Authentication"
"Understanding the Effects of Campus Safety on College Student Retention: A Panel Data Analysis"
"Understanding the Subject= Effect in SAS® Mixed Models Software"
"Uniform Hashing of Arbitrary Input Into Key-Exclusive Segments"
"Union Middle School | EVAAS in Action | SAS Customers"
"United States On Fire – Impact and Analysis of National Wildfires"
"Unlock new possibilities with Artificial Intelligence."
"Unlock the Business Value of IoT with Analytics"
"Unsupervised Contextual Clustering of Abstracts"
"US SAS Institute Ticket ID USA 027 Video TVC to TrV 4 Action Performance 02"
"Use of SAS Evolving"
"Use Python with SAS Event Stream Processing to Analyze IoT Data"
"Use SAS Environment Manager to Get SAS License Expiration Notice"
"Users Unite!  Form a SAS Users Group"
"Using Advanced Analytics to Combat Insider Threat"
"Using Analytics for Good"
"Using Behavioral Insights to Increase Fine Payments"
"Using Big Data for Good to Protect At-Risk Children"
"Using Data for Good to Help Governments Fight Fraud"
"Using Enterprise Miner to Run Machine Learning Algorithms in SAS Viya"
"Using Private Docker Publishing Destinations With SAS Model Manager and SAS Open Model Manager"
"Using PROC GLMPOWER to Compute Power and Sample Size for Repeated Measures"
"Using PROC POWER to Compute Power and Sample Size for Survival Analyses"
"Using SAMPSIO with SAS Enterprise Miner"
"Using SAS Data Loader for Hadoop: Acquire and Discover Data"
"Using SAS Data Loader for Hadoop: Data Integration and Delivery"
"Using SAS Data Loader for Hadoop: Data Preparation and Cleansing"
"Using SAS Environment Manager:  Example Dashboard (Part 2)"
"Using SAS Environment Manager: Dashboard Concepts (Part 1)"
"Using the %SCAN Function"
"Using the Data-Driven Content Object and HTML Image Map in SAS"
"Using the R interface in SAS to Call R Functions and Transfer Data"
"Using the SAS Environment Manager: Alert Portlets (Part 3)"
"Utterance Annotation: The Art and Science Behind Training in Natural Language Understanding"
"Viewing Reports with the JAWS Screen Reader in SAS Visual Analytics"
"Virginia Medicaid Department | In-Memory Analytics to Solve Complex Problems | SAS Customers"
"Visualize Census Data in SAS Studio | Video 4 of 6"
"Visualizing Your Data With SG Procedures"
"Viya Release Highlights Teaser | 2021.1.6"
"Vltava Labe Media uses SAS Intelligent Advertising for Publisher"
"Voice of the Customer: Analytics for Operational Impact"
"VTR Chile: Campañas para liderar el mercado"
"WABE NPR Atlanta Discusses Voter Registration Trends with SAS’ Steve Bennett"
"Wake County, NC | Improve property assessments with AI and Machine Learning | SAS Customers"
"We're for the Problem Solvers"
"Weight of Evidence, Dummy Variables and Degrees of Freedom"
"Welcome to the SAS Users Channel - SAS Global Forum 2020 Presentations"
"Welcome to the Three-Ring %CIRCOS: An Example of Creating a Circular Graph without a Polar Axis"
"What Are the Top Skills Needed to Be a Data Scientist?"
"What can we expect from SAS in 2019 and onwards into the future?"
"What does a Data Scientist do?"
"What does UX design mean to me? | UX Design at SAS"
"What if you could see the world through eyes enhanced by AI?"
"What is Deep Learning? | An Introduction to Deep Learning"
"What Is Digital Marketing and Why It Matters - The SAS Point of View"
"What Is Machine Learning?"
"What Is Marketing Analytics and Why It Matters – The SAS Point of View"
"What Is Multichannel Marketing and Why It Matters – The SAS Point of View"
"What is the value of curiosity?"
"What's New in SAS Data Management"
"What's New in SAS Drive?"
"What's New in SAS Visual Analytics? Smart Business Intelligence, Smart Analytics"
"What's the Difference Between Data Science and Analytics?"
"What's Your Favorite Color? Controlling the Appearance of a Graph"
"What’s New in SAS Visual Analytics 2021"
"Who’s Watching the Machines?"
"Why are partners so important in analytics?"
"Why Artificial Intelligence is the Opportunity of a Lifetime"
"Why Bias-Free AI Matters"
"Why Econometrics Should Be in Your Analytics Toolkit: Applications of Causal Inference"
"Why I Fight Fraud"
"Why I Fight Fraud with Beth Herron"
"Why I Fight Fraud with Carla Miranda"
"Why I Fight Fraud with Frits Fraase Storm"
"Why I Fight Fraud with Jen Dunham"
"Why I Fight Fraud with João Bargiel Pestana"
"Why I Fight Fraud with Prathaban Mookiah"
"Why I Fight Fraud with Sundeep Tengur"
"Why I Fight Fraud with Tom Wriggins"
"Why is the demand for end-to-end solution in Africa high?"
"Why publishers are choosing SAS cloud solution CI 360 Match?"
"Women in Analytics Network"
"Work From Home 2020"
"Working at SAS R&D Scotland"
"Working in SAS Studio"
"Working with Time Series Data Using SAS/ETS"
"Writing Packages: A New Way to Distribute and Use SAS/IML Programs"
"Yassine Chahbi from SAS Analytics Day 2019 | Casablanca - Maroc"
"Your Curiosity Matters | SAS Careers"
"Youssef Aqallal from SAS Analytics Day 2019 | Casablanca - Maroc"
"Ziraat Bankası | Using SAS For Their Credit Risk, ECL and IFRS9 Challenges | SAS Customers"
"Персонализация и целевой маркетинг – узнайте всё на вебинаре SAS"
